query	name	users	rating	rating_count	updated
copy all urls	Copy All URLs (Free)	90,000	4.1	33	August 25, 2023
copy all urls	Copy All Urls	8,000	3.9	48	November 5, 2024
copy all urls	Umbrella - Copy All URLs	20,000	4.2	24	July 20, 2026
copy all urls	CopyTab URLs	10,000	4.6	25	May 11, 2026
extension manager	Extension Manager	100,000	4.4	1.1K	September 5, 2026
extension manager	Extension Manager	5,000	4.5	51	February 10, 2025
extension manager	Chrome Extension Manager by cloudHQ	10,000	4.1	70	November 29, 2025
extension manager	Easy Extension Manager	5,000	4.2	16	September 9, 2024
word counter	Word Counter	30,000	3.3	16	September 28, 2026
word counter	Simple Word Counter	3,000	3.5	20	March 27, 2026
word counter	Webpage Word Counter	7,000	4.1	14	January 5, 2026
word counter	Word Counter	4,000	4.0	23	September 7, 2026
tab suspender	Tab Suspender	100,000	3.7	760	May 20, 2026
tab suspender	The Great Suspender Reloaded - Tab Suspender 2026	40,000	4.0	86	June 15, 2026
tab suspender	Tab Suspender Pro - Auto-Suspend Inactive Tabs	6,000	4.7	102	September 28, 2026
tab suspender	Smart Tab Suspender – Save RAM & Speed Up Chrome	2,000	4.4	47	July 26, 2026
auto refresh	Easy Auto Refresh	1,000,000	3.9	2K	January 27, 2026
auto refresh	Auto Refresh Plus | Page Monitor	1,000,000	4.9	22.5K	September 29, 2026
auto refresh	Auto Refresh Page - Reload Pages Automatically & Page Monitor Easily	100,000	4.5	197	September 8, 2026
auto refresh	Auto Refresh & Page Monitor	100,000	4.4	913	January 22, 2025
color picker	Color Picker for Chrome™	800,000	4.1	314	September 8, 2026
color picker	ColorZilla	4,000,000	4.6	3.9K	May 22, 2024
color picker	Easy Color Picker	9,000	4.5	11	October 6, 2026
color picker	Hex Color Picker	80,000	2.9	39	July 8, 2026
page ruler	Page Ruler	500,000	3.9	103	July 13, 2026
page ruler	Page Ruler – CSS Inspector & Grid Overlay	10,000	3.3	25	July 14, 2026
page ruler	Page Ruler: Your Web Design Companion	5,000	3.3	3	April 4, 2024
page ruler	Page Ruler	2,000	4.3	4	May 9, 2024
qr code generator	QR Code Generator	900,000	4.9	6K	September 23, 2026
qr code generator	QR Code (Generator and Reader)	200,000	3.8	168	May 31, 2024
qr code generator	QR Code Generator	1,000	4.0	2	February 12, 2026
qr code generator	QR Code Generator	2,000	4.6	9	October 24, 2022
clear cache	Clear Cache	1,000,000	4.5	1.2K	October 3, 2026
clear cache	Clear Cache & History Cleaner	3,000	4.3	16	November 9, 2024
clear cache	Cache Clear	4,000	4.5	22	April 3, 2024
clear cache	Clear Cache & Cookies	924	5.0	1	June 3, 2026
video speed controller	Video Speed Controller	3,000,000	4.5	4.5K	August 15, 2026
video speed controller	Super Video Speed Controller	200,000	4.5	223	January 20, 2026
video speed controller	Global Speed - Video Speed Control	700,000	4.7	853	September 29, 2026
video speed controller	HTML5 Video Speed Control	40,000	4.5	1.3K	March 17, 2022
tab counter	Tab Count	9,000	4.4	10	May 17, 2023
tab counter	Tab Counter	6,000	4.4	10	August 8, 2026
tab counter	Tab Counter		4.3		April 18, 2025
tab counter	Tab Counter	909	4.3	6	August 25, 2024
simple translate	Simple Translate	200,000	4.4	476	August 25, 2026
simple translate	Immersive Translate: AI Web, PDF & Video Translator	3,000,000	4.0	3.1K	September 25, 2026
simple translate	Translate	10,000	4.3	42	May 28, 2026
simple translate	Simple Select to Translate	1,000	4.3	12	April 11, 2026
